[
  {
    "id": "c6636751-65b6-43fa-b799-b0896fb96113",
    "data": [
      {
        "text": "I\u0027m looking for a table reservation",
        "userDefined": false
      }
    ],
    "isTemplate": false,
    "count": 0
  },
  {
    "id": "12eb3f5b-fa6e-48dc-a5f4-8339795245e3",
    "data": [
      {
        "text": "I\u0027m looking for a table booking",
        "userDefined": false
      }
    ],
    "isTemplate": false,
    "count": 0
  },
  {
    "id": "8cd20a17-a9e3-4933-9c42-3eaecc535692",
    "data": [
      {
        "text": "I\u0027m looking for a reservation",
        "userDefined": false
      }
    ],
    "isTemplate": false,
    "count": 0
  },
  {
    "id": "940c5c38-d1a1-4712-847c-d995803ca3ba",
    "data": [
      {
        "text": "I\u0027m looking for book a table",
        "userDefined": false
      }
    ],
    "isTemplate": false,
    "count": 0
  },
  {
    "id": "bcb6ba75-e1bb-410b-82f1-bdca2739e310",
    "data": [
      {
        "text": "Can you help me by reserving a table?",
        "userDefined": false
      }
    ],
    "isTemplate": false,
    "count": 0
  },
  {
    "id": "cfab513a-d156-4239-80ce-e34b0651d73e",
    "data": [
      {
        "text": "Can you help me by booking a table?",
        "userDefined": false
      }
    ],
    "isTemplate": false,
    "count": 0
  },
  {
    "id": "847fcd5a-6872-43e3-aac8-f3a806aefc64",
    "data": [
      {
        "text": "Can I reserve a table?",
        "userDefined": false
      }
    ],
    "isTemplate": false,
    "count": 0
  },
  {
    "id": "cfdfa899-1fff-44e5-a0eb-129f461fa625",
    "data": [
      {
        "text": "May I book a table",
        "userDefined": false
      }
    ],
    "isTemplate": false,
    "count": 0
  },
  {
    "id": "042a47aa-bc8e-49e2-92d1-9768bb5c2554",
    "data": [
      {
        "text": "May I book a table for me",
        "userDefined": false
      }
    ],
    "isTemplate": false,
    "count": 0
  },
  {
    "id": "f264ce60-8b54-474e-bc1d-cb056b230348",
    "data": [
      {
        "text": "Is there any way to book a table?",
        "userDefined": false
      }
    ],
    "isTemplate": false,
    "count": 0
  },
  {
    "id": "f682609c-d4dc-4c63-9a7c-17cbd5ab42dd",
    "data": [
      {
        "text": "Can I book a table?",
        "userDefined": false
      }
    ],
    "isTemplate": false,
    "count": 0
  },
  {
    "id": "77c52669-46e1-40c5-aafc-ea8787389178",
    "data": [
      {
        "text": "table reservation",
        "userDefined": false
      }
    ],
    "isTemplate": false,
    "count": 0
  },
  {
    "id": "8031756e-f3fb-4c92-a86e-d3a1ebcadbba",
    "data": [
      {
        "text": "reserve table",
        "userDefined": false
      }
    ],
    "isTemplate": false,
    "count": 0
  },
  {
    "id": "0ba288ef-17c4-462a-b93a-6bfcda288f6d",
    "data": [
      {
        "text": "book table",
        "userDefined": false
      }
    ],
    "isTemplate": false,
    "count": 0
  },
  {
    "id": "bfce188a-0959-4c8e-b2b9-b48d277d2ff7",
    "data": [
      {
        "text": "table book",
        "userDefined": false
      }
    ],
    "isTemplate": false,
    "count": 0
  },
  {
    "id": "6cc7d1f8-6dc9-444f-b19a-bb8779321143",
    "data": [
      {
        "text": "book-table",
        "userDefined": false
      }
    ],
    "isTemplate": false,
    "count": 0
  }
]