[
  {
    "id": "6260b7c2-a46a-4f50-8569-76d5817876d4",
    "data": [
      {
        "text": "Sales Assistant",
        "alias": "job-vacancy",
        "meta": "@job-vacancy",
        "userDefined": false
      }
    ],
    "isTemplate": false,
    "count": 0,
    "updated": 0
  },
  {
    "id": "58cffa80-d5c0-41b9-9b83-c3ceccf1c7cd",
    "data": [
      {
        "text": "I would like to apply for this job",
        "userDefined": false
      }
    ],
    "isTemplate": false,
    "count": 0
  },
  {
    "id": "09ba7d07-dd0c-43c9-8082-1c0bf5cd2a35",
    "data": [
      {
        "text": "I want to apply now",
        "userDefined": false
      }
    ],
    "isTemplate": false,
    "count": 0
  },
  {
    "id": "9adb4241-ed24-4320-b174-da8bca438bfb",
    "data": [
      {
        "text": "Yes, I\u0027m interested",
        "userDefined": false
      }
    ],
    "isTemplate": false,
    "count": 0
  },
  {
    "id": "db1e60e5-6613-4591-a0f9-883d7d2819a2",
    "data": [
      {
        "text": "Yes, as an ",
        "userDefined": false
      },
      {
        "text": "accountant",
        "alias": "job-vacancy",
        "meta": "@job-vacancy",
        "userDefined": false
      }
    ],
    "isTemplate": false,
    "count": 0
  },
  {
    "id": "21f2857c-365b-44a9-be2e-f7e7c930199a",
    "data": [
      {
        "text": "Please take my application for a ",
        "userDefined": false
      },
      {
        "text": "sales assistant",
        "alias": "job-vacancy",
        "meta": "@job-vacancy",
        "userDefined": true
      }
    ],
    "isTemplate": false,
    "count": 0
  },
  {
    "id": "3898858f-3809-47c4-81c0-6d669c5f6c49",
    "data": [
      {
        "text": "I\u0027m interested in a ",
        "userDefined": false
      },
      {
        "text": "sales",
        "alias": "job-vacancy",
        "meta": "@job-vacancy",
        "userDefined": true
      },
      {
        "text": " job",
        "userDefined": false
      }
    ],
    "isTemplate": false,
    "count": 0
  },
  {
    "id": "22964e95-afef-4def-b939-00efebe95499",
    "data": [
      {
        "text": "I want to apply for an ",
        "userDefined": false
      },
      {
        "text": "accountant",
        "alias": "job-vacancy",
        "meta": "@job-vacancy",
        "userDefined": false
      }
    ],
    "isTemplate": false,
    "count": 0
  }
]