[
  {
    "id": "3d7cded9-d5ed-4c81-94b7-ed55aefaae81",
    "data": [
      {
        "text": "Positions",
        "userDefined": false
      }
    ],
    "isTemplate": false,
    "count": 0
  },
  {
    "id": "e0575e58-2955-4cbe-a09c-c2aef676b2a7",
    "data": [
      {
        "text": "Work",
        "userDefined": false
      }
    ],
    "isTemplate": false,
    "count": 0
  },
  {
    "id": "b436ec15-f39d-43c3-8d25-9a6350b19c2d",
    "data": [
      {
        "text": "Vacancies",
        "userDefined": false
      }
    ],
    "isTemplate": false,
    "count": 0
  },
  {
    "id": "80b82cf9-0e4f-44ee-84c1-05d872eed656",
    "data": [
      {
        "text": "Jobs",
        "userDefined": false
      }
    ],
    "isTemplate": false,
    "count": 0
  },
  {
    "id": "df5a00a8-d2da-4bd2-81ec-60fb5c508bdc",
    "data": [
      {
        "text": "Are you hiring?",
        "userDefined": false
      }
    ],
    "isTemplate": false,
    "count": 0
  },
  {
    "id": "060fef30-7a9a-4377-9c16-e1d364294f01",
    "data": [
      {
        "text": "Do you have any open positions available?",
        "userDefined": false
      }
    ],
    "isTemplate": false,
    "count": 0
  },
  {
    "id": "49eb74f1-cf34-40cd-afe1-cd01cad4ed8a",
    "data": [
      {
        "text": "Any part-time jobs available?",
        "userDefined": false
      }
    ],
    "isTemplate": false,
    "count": 0
  },
  {
    "id": "98773f54-5d1f-416c-90f5-7b8517e930ab",
    "data": [
      {
        "text": "Is there any empty vacancies",
        "userDefined": false
      }
    ],
    "isTemplate": false,
    "count": 0
  },
  {
    "id": "349cac2e-a19c-4c96-bd20-c7b9cb270a8d",
    "data": [
      {
        "text": "Any openings?",
        "userDefined": false
      }
    ],
    "isTemplate": false,
    "count": 0
  },
  {
    "id": "0a1b6983-5e2a-4f91-9eeb-bbe8c6fec8ab",
    "data": [
      {
        "text": "Looking for a job",
        "userDefined": false
      }
    ],
    "isTemplate": false,
    "count": 0
  },
  {
    "id": "52e37a9c-e230-4d5b-ab5a-796ed6a82c7d",
    "data": [
      {
        "text": "I\u0027m looking for a suitable  job",
        "userDefined": false
      }
    ],
    "isTemplate": false,
    "count": 0
  },
  {
    "id": "37ce1366-a6d7-439d-af3b-25ae783caae7",
    "data": [
      {
        "text": "Do you have any vacancies?",
        "userDefined": false
      }
    ],
    "isTemplate": false,
    "count": 0
  },
  {
    "id": "1e69a6f8-a868-47c2-bdee-553d59c1dd2f",
    "data": [
      {
        "text": "I am looking for a job",
        "userDefined": false
      }
    ],
    "isTemplate": false,
    "count": 0
  },
  {
    "id": "249fa6c0-0b15-4e7f-8b69-66d820641f17",
    "data": [
      {
        "text": "Do you have any jobs available?",
        "userDefined": false
      }
    ],
    "isTemplate": false,
    "count": 0
  },
  {
    "id": "8be73515-8165-4d73-8aa5-f81a68f03fcb",
    "data": [
      {
        "text": "do yo have a job vacancy",
        "userDefined": false
      }
    ],
    "isTemplate": false,
    "count": 3,
    "updated": 0
  },
  {
    "id": "b8301486-d8f1-41ce-a53f-1dafc93ad1d0",
    "data": [
      {
        "text": "Is there any job openings in this restaurant?",
        "userDefined": false
      }
    ],
    "isTemplate": false,
    "count": 0
  },
  {
    "id": "8b9d2d98-ca27-48d7-9ec4-698017882853",
    "data": [
      {
        "text": "Can I start a new career in this restaurant?",
        "userDefined": false
      }
    ],
    "isTemplate": false,
    "count": 0
  },
  {
    "id": "33485483-4168-4037-900e-16b529a6990d",
    "data": [
      {
        "text": "Can I start a new career in your company?",
        "userDefined": false
      }
    ],
    "isTemplate": false,
    "count": 0
  },
  {
    "id": "dcf56cae-32b8-4f01-96f7-157bd331d892",
    "data": [
      {
        "text": "I\u0027m looking for a new career opportunity",
        "userDefined": false
      }
    ],
    "isTemplate": false,
    "count": 0
  },
  {
    "id": "75c151a9-c892-44dc-a16c-9b7956c0193e",
    "data": [
      {
        "text": "Are you looking for new employees?",
        "userDefined": false
      }
    ],
    "isTemplate": false,
    "count": 0
  },
  {
    "id": "e0982613-53ba-4f44-abd6-c88002cfedb2",
    "data": [
      {
        "text": "Do you have a job opening?",
        "userDefined": false
      }
    ],
    "isTemplate": false,
    "count": 0
  },
  {
    "id": "a7a0083c-b5be-4581-a44a-80fd3624e5b6",
    "data": [
      {
        "text": "Is there a job vacancy in your store?",
        "userDefined": false
      }
    ],
    "isTemplate": false,
    "count": 0
  }
]