[
  {
    "id": "3c35e0de-2228-4e19-a549-a32f4397f23e",
    "data": [
      {
        "text": "may I check the menu",
        "userDefined": false
      }
    ],
    "isTemplate": false,
    "count": 0
  },
  {
    "id": "0299d59f-0bb1-4b45-91a0-3f1a12ed6781",
    "data": [
      {
        "text": "can I check the menu",
        "userDefined": false
      }
    ],
    "isTemplate": false,
    "count": 0
  },
  {
    "id": "d31a717b-86e8-486a-a934-e4012ff28bd6",
    "data": [
      {
        "text": "can you direct me to the menu",
        "userDefined": false
      }
    ],
    "isTemplate": false,
    "count": 0
  },
  {
    "id": "9d892a7b-066d-49b3-a3a9-8cd2cf75ad70",
    "data": [
      {
        "text": "can you provide me the menu",
        "userDefined": false
      }
    ],
    "isTemplate": false,
    "count": 0
  },
  {
    "id": "baeea925-24c6-4b5c-867f-9f0eeb69dd69",
    "data": [
      {
        "text": "can I see the menu",
        "userDefined": false
      }
    ],
    "isTemplate": false,
    "count": 0
  },
  {
    "id": "97e93178-5028-43ce-a3a9-7b6e38a19486",
    "data": [
      {
        "text": "may I see the menu",
        "userDefined": false
      }
    ],
    "isTemplate": false,
    "count": 0
  },
  {
    "id": "33354a9e-f64e-41a5-ada5-b4f6b78fc162",
    "data": [
      {
        "text": "show me the menu",
        "userDefined": false
      }
    ],
    "isTemplate": false,
    "count": 0
  },
  {
    "id": "5f465198-5897-4833-960a-47fa1e0b488e",
    "data": [
      {
        "text": "give me the menu",
        "userDefined": false
      }
    ],
    "isTemplate": false,
    "count": 0
  },
  {
    "id": "73ae0f22-85a7-4378-ba94-1a4477aa19d9",
    "data": [
      {
        "text": "watch menu",
        "userDefined": false
      }
    ],
    "isTemplate": false,
    "count": 0
  },
  {
    "id": "3859bad8-efd5-4614-bfde-17f67b7d572f",
    "data": [
      {
        "text": "provide menu",
        "userDefined": false
      }
    ],
    "isTemplate": false,
    "count": 0
  },
  {
    "id": "e9ddd44c-4dd4-435d-b501-d15fd7a6cddd",
    "data": [
      {
        "text": "see menu",
        "userDefined": false
      }
    ],
    "isTemplate": false,
    "count": 0
  },
  {
    "id": "95c0f0c5-b398-4003-9fa9-4df9d8472af8",
    "data": [
      {
        "text": "show menu",
        "userDefined": false
      }
    ],
    "isTemplate": false,
    "count": 0
  },
  {
    "id": "201be158-1724-4ae0-a9e9-98941fc5e2d4",
    "data": [
      {
        "text": "check menu",
        "userDefined": false
      }
    ],
    "isTemplate": false,
    "count": 0
  },
  {
    "id": "704a4e71-d8c9-4ab6-a61e-93303a1859f4",
    "data": [
      {
        "text": "menus",
        "userDefined": false
      }
    ],
    "isTemplate": false,
    "count": 0
  },
  {
    "id": "2599012d-a55f-4b05-bdf1-2ca72de9ecfd",
    "data": [
      {
        "text": "menu",
        "userDefined": false
      }
    ],
    "isTemplate": false,
    "count": 0
  }
]