[
  {
    "id": "129a7acb-9cac-4f58-bc83-d826616853cc",
    "data": [
      {
        "text": "not interested",
        "userDefined": false
      }
    ],
    "isTemplate": false,
    "count": 0
  },
  {
    "id": "b83c0fbf-2b76-40fe-824b-9130de45182c",
    "data": [
      {
        "text": "Maybe later",
        "userDefined": false
      }
    ],
    "isTemplate": false,
    "count": 0
  },
  {
    "id": "dda68231-5d4e-4f66-ad6a-d01c74a85f58",
    "data": [
      {
        "text": "I won\u0027t apply",
        "userDefined": false
      }
    ],
    "isTemplate": false,
    "count": 0
  },
  {
    "id": "69212c6a-8373-4176-82e4-855482a2c304",
    "data": [
      {
        "text": "I\u0027ll apply later",
        "userDefined": false
      }
    ],
    "isTemplate": false,
    "count": 0
  },
  {
    "id": "15e919d7-b830-49cf-a427-0b66df7fe2ab",
    "data": [
      {
        "text": "Nothing interesting",
        "userDefined": false
      }
    ],
    "isTemplate": false,
    "count": 0
  },
  {
    "id": "cc4d3570-cf2b-413d-8dbb-8ef4d11ff0e6",
    "data": [
      {
        "text": "not right now",
        "userDefined": false
      }
    ],
    "isTemplate": false,
    "count": 0
  },
  {
    "id": "09cb9f43-16ca-4dab-afd7-1d66993f1648",
    "data": [
      {
        "text": "No",
        "userDefined": false
      }
    ],
    "isTemplate": false,
    "count": 0
  }
]